DIGEST	DIGEST_TEXT	COUNT_STAR	SUM_ROWS_EXAMINED	SUM_ROWS_SENT	SUM_TIMER_WAIT	SUM_NO_INDEX_USED	SUM_SELECT_SCAN	SUM_SORT_ROWS
da113483d890d79438e19adf6db06588aae0ee0ad5e5b36278761405470bb68a	SELECT `s1_0` . `id` , `csr1_0` . `scoreboard_applied_seq` , `csr1_0` . `contest_id` , `s1_0` . `problem_id` , `s1_0` . `user_id` , `c1_0` . `start_time` , `s1_0` . `submitted_time` , COALESCE ( `csr1_0` . `final_result` , `csr1_0` . `provisional_result` ) FROM `contest_submission_result` `csr1_0` JOIN `contest_submission` `s1_0` ON `s1_0` . `id` = `csr1_0` . `submission_id` JOIN `contest` `c1_0` ON `c1_0` . `id` = `s1_0` . `contest_id` WHERE `csr1_0` . `scoreboard_applied_seq` IS NOT NULL AND ( ? IS NULL OR `csr1_0` . `scoreboard_applied_seq` < ? ) ORDER BY `csr1_0` . `scoreboard_applied_seq` DESC LIMIT ?	181	58625687	180000	85358516786000	181	1	180000
2e29b7b034e858edfb69ddf80722bc30d059e7b413303ce335aa693b656176a0	SELECT `csr1_0` . `scoreboard_applied_seq` , COUNT ( `csr1_0` . `submission_id` ) FROM `contest_submission_result` `csr1_0` WHERE `csr1_0` . `scoreboard_applied_seq` IS NOT NULL AND ( ? IS NULL OR `csr1_0` . `scoreboard_applied_seq` > ? ) GROUP BY `csr1_0` . `scoreboard_applied_seq` HAVING COUNT ( `csr1_0` . `submission_id` ) > ? ORDER BY `csr1_0` . `scoreboard_applied_seq` LIMIT ?	19	2995249	0	713751705000	0	0	0
0e4e5b16f261d9c6e0e1616ea8e5fc5acfcd18158325ee8e5afb935017c3d060	SELECT COUNT ( * ) FROM `contest_submission_result` WHERE `contest_id` = ? AND `scoreboard_applied_at` IS NULL	7	1390802	7	1109882205000	0	0	0
629ddefcce28838eb5f9819275c3048e920a7f1c47a02fcd314f5c3df822a609	SELECT `id` , `submission_id` FROM `contest_judge_outbox` WHERE STATUS = ? OR ( STATUS = ? AND `claimed_at` < ? ) ORDER BY `id` LIMIT ? FOR UPDATE SKIP LOCKED	2401	464020	209444	1541414601000	0	681	209399
6bac9e28cd909ff6c564db52c2e10d9d989198e3622506f63b6572661d0d9bab	UPDATE `contest_submission_result` SET `scoreboard_applied_at` = COALESCE ( `scoreboard_applied_at` , NOW (?) ) , `scoreboard_applied_seq` = COALESCE ( ? , `scoreboard_applied_seq` ) WHERE `submission_id` = ?	295590	295589	0	47641625859000	0	0	0
111a508e78ed0e0754e8da63a69b3256f475c2fde182ddd8b30689d6ad37043d	SELECT `r` . `submission_id` , CAST ( `FLOOR` ( `UNIX_TIMESTAMP` ( COALESCE ( `r` . `final_judged_at` , `r` . `provisional_judged_at` ) ) * ? ) AS SIGNED ) , IF ( ( ( `r` . `submission_id` >> ? ) & ? ) = ?, ... ) FROM `contest_submission_result` `r` WHERE `r` . `contest_id` = ? AND COALESCE ( `r` . `final_result` , `r` . `provisional_result` ) != ?	1	286557	286557	324208316000	0	0	0
439973d7957ec9827544f3e9095c5591da69e502a1816a7f7760cdb840f7843c	SELECT ( SELECT COUNT ( * ) FROM `contest_submission_result` WHERE `contest_id` = ? AND COALESCE ( `final_result` , `provisional_result` ) != ? AND COALESCE ( `final_judged_at` , `provisional_judged_at` ) <= `FROM_UNIXTIME` ( ? / ? ) ) , ( SELECT COUNT ( * ) FROM `contest_submission_result` WHERE COALESCE ( `final_result` , `provisional_result` ) != ? ) , ( SELECT COUNT ( DISTINCTROW `contest_id` ) FROM `contest_submission_result` )	1	220217	1	226155176000	1	1	0
b02b21dff0741a3335b3af49ab1c8d291f7857c6b6cd2dfb111f8d9ecf9ff078	UPDATE `contest_judge_outbox` SET STATUS = ? , `published_at` = NOW (?) , `claim_token` = ? , `claimed_at` = ? , `last_error` = ? WHERE `id` = ? AND STATUS = ? AND `claim_token` = ?	209444	209444	0	39404574637000	0	0	0
4d9bf13d4a1990aa91cffd35637070e11cc2812a95ea5b224abd382e3193f09d	UPDATE `contest_judge_outbox` SET STATUS = ? , `claim_token` = ? , `claimed_at` = NOW (?) , `attempts` = `attempts` + ? , `last_error` = ? WHERE `id` = ?	209444	209444	0	35299487466000	0	0	0
176d59cc5ee22a02be3be23ce920170d39d1b8b8a55d1d2e5324eff2749dff5f	SELECT `id` , `contest_id` , `problem_id` , `user_id` , `code_hash` FROM `contest_submission` WHERE `id` IN (...)	21648	209432	209433	5059191038000	0	0	0
81e71767f9d8d10901e5e1b2b402065eba99ca9108449cdf9529df3d19b2aecd	SELECT `cs1_0` . `id` , `c1_0` . `id` , `cs1_0` . `problem_id` , `cs1_0` . `user_id` , `c1_0` . `start_time` , `cs1_0` . `submitted_time` , `cs1_0` . `code` FROM `contest_submission` `cs1_0` JOIN `contest` `c1_0` ON `c1_0` . `id` = `cs1_0` . `contest_id` WHERE `cs1_0` . `id` = ?	208045	208838	208988	42456126266000	0	0	0
7e50500a45bf06b8b876dbcd366437cad3f9a23c710985614b935ee6d580adea	INSERT INTO `contest_submission` ( `id` , `contest_id` , `problem_id` , `user_id` , `submitted_time` , CODE , `code_hash` ) WITH RECURSIVE `seq` ( `n` ) AS ( SELECT ? UNION ALL SELECT `n` + ? FROM `seq` WHERE `n` < ? ) , `cells` AS ( SELECT `n` , @? + `FLOOR` ( `n` * @? / ? ) AS `at_ms` , MOD ( `n` , ? ) + ? AS `user_index` , MOD ( `FLOOR` ( `n` / ? ) , ? ) + ? AS `problem_num` FROM `seq` ) SELECT ( ( `c` . `at_ms` - ? ) << ? ) | ( ? << ? ) | MOD ( `c` . `n` , ? ) , ? , `p` . `id` , `u` . `id` , `FROM_UNIXTIME` ( `c` . `at_ms` / ? ) , `CONCAT` ( ? , `c` . `n` ) , `SHA2` ( `CONCAT` ( ?, ... , `c` . `n` ) , ? ) FROM `cells` `c` JOIN `problem` `p` ON `p` . `contest_id` = ? AND `p` . `contest_num` = `c` . `problem_num` JOIN `user` `u` ON `u` . `name` = `CONCAT` ( ? , `c` . `user_index` )	1	154236	0	2143160326000	1	2	0
5f1319daeaeab0d7bca7232d17a4bd3354f9bcbfa2f29e9cf0b4bb1d017a376c	SELECT `CONCAT` ( ? , COUNT ( * ) , ? , SUM ( `r` . `submission_id` IS NOT NULL ) ) FROM `contest_submission` `cs` LEFT JOIN `contest_submission_result` `r` ON `r` . `submission_id` = `cs` . `id` WHERE `cs` . `contest_id` = ? AND ( ( `cs` . `id` >> ? ) & ? ) = ?	1	154226	1	79912654000	0	0	0
c16f24f908846019a741db580f6545a5933e9435a7cf1579c50794a6ca287739	SELECT @@SESSION . `transaction_read_only`	81375	81376	81378	8182802997000	0	0	0
09a429b4074221d8fea7de51741675c736991e35bc8b6e7d4666cdf2c8d3c4bd	INSERT INTO `contest_submission_result` ( `submission_id` , `contest_id` , `provisional_result` , `provisional_judged_at` , `result_saved_at` ) SELECT `cs` . `id` , `cs` . `contest_id` , IF ( MOD ( `CRC32` ( `cs` . `code_hash` ) , ? ) < ?, ... ) , `cs` . `submitted_time` + INTERVAL ? MICROSECOND , `cs` . `submitted_time` + INTERVAL ? MICROSECOND FROM `contest_submission` `cs` WHERE `cs` . `contest_id` = ? AND ( ( `cs` . `id` >> ? ) & ? ) = ?	1	77113	0	959910788000	0	0	0
