epochMs,elapsedMs,statusCode,error
1790457399058,4782.5743,200,
1790457403419,4347.3817,200,
1790457407219,3798.679,200,
1790457411022,3802.174,200,
1790457413482,2458.2996,200,
1790457415996,2513.1949,200,
1790457418031,2032.858,200,
1790457419888,1855.9035,200,
1790457421865,1975.5192,200,
1790457423734,1867.9947,200,
1790457425065,1329.96,200,
1790457426495,1427.4071,200,
1790457427487,991.2605,200,
1790457428515,1025.7895,200,
1790457429790,1274.187,200,
1790457431114,1323.9488,200,
1790457432082,965.9192,200,
1790457433027,943.4516,200,
1790457433961,932.7472,200,
1790457435006,1042.7068,200,
1790457436573,1566.8121,200,
1790457438640,2063.9247,200,
1790457439526,885.7487,200,
1790457440474,946.1276,200,
1790457441417,942.0173,200,
1790457442410,991.8603,200,
1790457443443,1031.8965,200,
1790457444553,1108.805,200,
1790457445513,958.18,200,
1790457446636,1122.0095,200,
1790457447596,958.634,200,
1790457448576,978.3972,200,
1790457449510,932.0148,200,
1790457450460,949.0083,200,
1790457451441,979.9265,200,
1790457452398,955.3818,200,
1790457453314,915.1175,200,
1790457454308,991.6988,200,
1790457455351,1041.8097,200,
1790457456278,925.1822,200,
1790457457325,1046.2305,200,
1790457458247,920.5316,200,
1790457459213,964.4648,200,
1790457460208,994.7659,200,
1790457461158,948.0926,200,
1790457462122,963.4221,200,
1790457463224,1100.2595,200,
1790457464199,973.7791,200,
1790457465073,873.9418,200,
1790457466012,937.826,200,
1790457466965,951.7725,200,
1790457468067,1100.6177,200,
1790457469160,1092.5104,200,
1790457470100,938.5243,200,
1790457471297,1195.4944,200,
1790457472471,1172.456,200,
1790457473511,1039.3536,200,
1790457474435,922.3145,200,
1790457475336,899.5456,200,
1790457476271,934.1763,200,
1790457477223,951.6579,200,
1790457478223,997.7698,200,
1790457479171,947.0115,200,
1790457480286,1114.7402,200,
1790457481258,969.6904,200,
1790457482214,955.4165,200,
1790457483143,926.8191,200,
1790457484065,921.2893,200,
1790457485083,1016.5252,200,
1790457486075,990.7507,200,
1790457487000,923.7308,200,
1790457487990,988.4396,200,
1790457489027,1034.0725,200,
1790457489940,911.7889,200,
1790457490869,926.707,200,
1790457491827,956.9581,200,
1790457492803,975.1739,200,
1790457493838,1033.9329,200,
1790457494823,983.8787,200,
1790457495853,1029.0385,200,
1790457496937,1082.8267,200,
1790457497939,1000.7797,200,
1790457499556,1614.8045,200,
1790457501067,1511.069,200,
1790457502072,1003.8969,200,
1790457503040,965.5349,200,
1790457504054,1014.0607,200,
1790457505084,1028.5497,200,
1790457506037,949.8517,200,
1790457506978,940.6817,200,
1790457507943,963.0369,200,
1790457508942,997.2849,200,
1790457509947,1004.0054,200,
1790457510860,912.696,200,
1790457511825,963.8621,200,
1790457512958,1131.608,200,
1790457513871,911.2588,200,
1790457514731,859.1472,200,
1790457515690,958.1866,200,
1790457516630,938.5888,200,
1790457517619,987.8939,200,
1790457518671,1050.5718,200,
1790457519618,946.9246,200,
1790457520717,1098.3091,200,
1790457521797,1077.524,200,
1790457522756,958.4172,200,
1790457523707,949.9444,200,
1790457524630,921.0742,200,
1790457525545,914.2181,200,
1790457526514,967.9764,200,
1790457527464,948.7946,200,
1790457528446,981.4158,200,
1790457529561,1113.5144,200,
1790457530571,1009.4346,200,
1790457531534,960.6636,200,
1790457532642,1105.7412,200,
1790457533774,1130.7855,200,
1790457534866,1091.1222,200,
1790457535847,978.9402,200,
1790457536769,920.4714,200,
1790457537889,1119.1286,200,
1790457539070,1180.2566,200,
1790457540006,934.7807,200,
1790457540931,923.0593,200,
1790457541851,919.9169,200,
1790457542932,1078.6499,200,
1790457543933,1000.0627,200,
1790457544942,1007.6328,200,
1790457546106,1162.814,200,
1790457547076,969.5243,200,
1790457548040,961.5121,200,
1790457548986,944.4353,200,
1790457549941,953.9961,200,
1790457550898,956.5578,200,
1790457551850,949.7666,200,
1790457552796,945.275,200,
1790457553835,1037.3951,200,
1790457554874,1037.8544,200,
1790457555811,934.8912,200,
1790457556746,933.5822,200,
1790457557741,994.0436,200,
1790457558730,987.6378,200,
1790457559752,1021.0306,200,
1790457560703,949.1794,200,
1790457561652,947.3432,200,
1790457563262,1610.4459,200,
1790457564987,1722.4636,200,
1790457565965,977.0302,200,
1790457566962,996.1611,200,
1790457567998,1035.5646,200,
1790457568970,970.4829,200,
1790457570040,1068.1387,200,
1790457571153,1065.1167,200,
1790457572102,946.8817,200,
1790457573062,959.0948,200,
1790457573948,884.5103,200,
1790457574945,995.1848,200,
1790457575951,1006.1982,200,
1790457576868,915.1467,200,
1790457577830,961.1737,200,
1790457578994,1162.5962,200,
1790457579994,998.6261,200,
1790457580957,957.7869,200,
1790457581921,962.3437,200,
1790457582871,948.4337,200,
1790457583903,1031.2048,200,
1790457584861,956.7367,200,
1790457585824,962.1422,200,
1790457586834,1009.6585,200,
1790457587867,1030.7903,200,
1790457588756,888.2281,200,
1790457589689,931.7678,200,
1790457590614,924.624,200,
1790457591588,973.1082,200,
1790457592596,1007.0561,200,
1790457593609,1011.7417,200,
1790457594543,932.6473,200,
1790457595615,1071.3596,200,
1790457596574,958.5095,200,
1790457597528,952.1074,200,
1790457598513,984.057,200,
1790457599429,913.6822,200,
1790457600440,1009.9442,200,
1790457601416,974.7325,200,
1790457602371,953.8822,200,
1790457603469,1096.4604,200,
1790457604553,1082.4272,200,
1790457605519,965.2341,200,
1790457606515,995.2715,200,
1790457607464,948.4088,200,
1790457608478,1012.8571,200,
1790457609501,1021.3709,200,
1790457610441,940.5298,200,
1790457611405,961.1483,200,
1790457612580,1173.587,200,
1790457613537,956.7036,200,
1790457614490,951.2138,200,
1790457615466,974.7245,200,
1790457616438,971.3654,200,
1790457617448,1009.2574,200,
1790457618464,1013.5684,200,
1790457619400,935.0621,200,
1790457620491,1089.7688,200,
1790457621512,1019.9102,200,
1790457622491,977.9111,200,
1790457623454,960.8584,200,
1790457624389,934.7689,200,
1790457625359,969.7906,200,
1790457626519,1158.7193,200,
1790457628465,1944.8148,200,
1790457629611,1145.1651,200,
1790457630607,993.9957,200,
1790457631562,954.3223,200,
1790457632539,976.1079,200,
1790457633581,1041.4724,200,
1790457634572,989.2427,200,
1790457635505,931.9318,200,
1790457636584,1077.9077,200,
1790457637474,888.2743,200,
1790457638419,943.6447,200,
1790457639387,966.7842,200,
1790457640366,978.4377,200,
1790457641383,1015.2537,200,
1790457642352,968.536,200,
1790457643312,959.8944,200,
1790457644458,1144.5333,200,
1790457645511,1051.8937,200,
1790457646499,986.7,200,
1790457647403,902.3991,200,
1790457648389,982.8329,200,
1790457649383,992.6837,200,
1790457650406,1022.3421,200,
1790457651346,938.5769,200,
1790457652408,1060.9971,200,
1790457653486,1077.6467,200,
1790457654369,881.7693,200,
1790457655290,919.4947,200,
1790457656281,990.1932,200,
1790457657239,958.0717,200,
1790457658298,1057.2494,200,
1790457659247,948.1481,200,
1790457660203,954.4574,200,
1790457661312,1108.3509,200,
1790457662224,911.5843,200,
1790457663146,920.4346,200,
1790457664144,996.4077,200,
1790457665069,924.3404,200,
1790457666100,1029.1689,200,
1790457666954,853.2917,200,
1790457667945,988.1125,200,
1790457668989,1043.1582,200,
1790457670032,1040.6766,200,
1790457670983,950.1835,200,
1790457671919,935.4969,200,
1790457672844,923.3019,200,
1790457673841,995.4856,200,
1790457674843,1000.0949,200,
1790457675772,928.3861,200,
1790457676702,929.2076,200,
1790457677778,1074.4944,200,
1790457678815,1036.5719,200,
1790457679764,948.0239,200,
1790457680777,1009.7627,200,
1790457681757,979.5455,200,
1790457682789,1031.0054,200,
1790457683771,981.3567,200,
1790457684727,954.607,200,
1790457685865,1135.8957,200,
1790457686878,1011.7809,200,
1790457687918,995.5638,200,
1790457688902,981.7893,200,
1790457690661,1758.4925,200,
1790457692266,1603.9943,200,
1790457693442,1174.6181,200,
1790457694492,1048.7322,200,
