event,thread,startEpochMs,lockedAtEpochMs,endEpochMs,rows,detail,outcome
PASS_START,main,1790441193562,-1,-1,-1,mysql-replay,started
CHUNK,main,1790441195358,1790441195359,1790441198468,500,contest 1,applied
CHUNK,main,1790441198561,1790441240354,1790441240600,500,contest 1,applied
CHUNK,main,1790441240778,1790441240778,1790441241155,500,contest 1,applied
CHUNK,main,1790441241171,1790441241171,1790441241621,500,contest 1,applied
CHUNK,main,1790441241822,1790441241822,1790441242114,500,contest 1,applied
CHUNK,main,1790441242118,1790441242118,1790441242501,500,contest 1,applied
CHUNK,main,1790441242699,1790441242699,1790441243037,500,contest 1,applied
CHUNK,main,1790441243039,1790441243039,1790441243237,500,contest 1,applied
CHUNK,main,1790441243377,1790441243377,1790441243737,500,contest 1,applied
CHUNK,main,1790441243739,1790441243739,1790441243926,500,contest 1,applied
CHUNK,main,1790441244057,1790441244057,1790441244302,500,contest 1,applied
CHUNK,main,1790441244305,1790441244305,1790441244528,500,contest 1,applied
CHUNK,main,1790441244660,1790441244660,1790441245037,500,contest 1,applied
CHUNK,main,1790441245040,1790441245040,1790441245287,500,contest 1,applied
CHUNK,main,1790441245414,1790441245414,1790441245637,500,contest 1,applied
CHUNK,main,1790441245639,1790441245639,1790441245835,500,contest 1,applied
CHUNK,main,1790441245966,1790441245966,1790441246154,500,contest 1,applied
CHUNK,main,1790441246156,1790441246156,1790441246306,500,contest 1,applied
CHUNK,main,1790441246428,1790441246428,1790441246557,500,contest 1,applied
CHUNK,main,1790441246560,1790441246560,1790441246697,500,contest 1,applied
CHUNK,main,1790441246820,1790441246820,1790441246960,500,contest 1,applied
CHUNK,main,1790441246963,1790441246963,1790441247124,500,contest 1,applied
CHUNK,main,1790441247259,1790441247259,1790441247424,500,contest 1,applied
CHUNK,main,1790441247426,1790441247426,1790441247569,500,contest 1,applied
CHUNK,main,1790441247693,1790441247693,1790441247831,500,contest 1,applied
CHUNK,main,1790441247833,1790441247833,1790441247974,500,contest 1,applied
CHUNK,main,1790441248104,1790441248104,1790441248239,500,contest 1,applied
CHUNK,main,1790441248241,1790441248241,1790441248375,500,contest 1,applied
CHUNK,main,1790441248499,1790441248499,1790441248636,500,contest 1,applied
CHUNK,main,1790441248638,1790441248638,1790441248774,500,contest 1,applied
CHUNK,main,1790441248893,1790441248893,1790441249026,500,contest 1,applied
CHUNK,main,1790441249029,1790441249029,1790441249163,500,contest 1,applied
CHUNK,main,1790441249281,1790441249281,1790441249414,500,contest 1,applied
CHUNK,main,1790441249416,1790441249416,1790441249550,500,contest 1,applied
CHUNK,main,1790441249667,1790441249667,1790441249806,500,contest 1,applied
CHUNK,main,1790441249808,1790441249808,1790441249939,500,contest 1,applied
CHUNK,main,1790441250051,1790441250051,1790441250337,500,contest 1,applied
CHUNK,main,1790441250339,1790441250339,1790441250523,500,contest 1,applied
CHUNK,main,1790441250633,1790441250633,1790441250837,500,contest 1,applied
CHUNK,main,1790441250839,1790441250839,1790441251026,500,contest 1,applied
CHUNK,main,1790441251133,1790441251133,1790441251321,500,contest 1,applied
CHUNK,main,1790441251323,1790441251323,1790441251537,500,contest 1,applied
CHUNK,main,1790441251677,1790441251677,1790441251922,500,contest 1,applied
CHUNK,main,1790441251925,1790441251925,1790441252190,500,contest 1,applied
CHUNK,main,1790441252302,1790441252302,1790441252537,500,contest 1,applied
CHUNK,main,1790441252539,1790441252539,1790441252837,500,contest 1,applied
CHUNK,main,1790441252935,1790441252935,1790441253186,500,contest 1,applied
CHUNK,main,1790441253188,1790441253188,1790441253438,500,contest 1,applied
CHUNK,main,1790441253543,1790441253543,1790441253702,500,contest 1,applied
CHUNK,main,1790441253705,1790441253705,1790441253860,500,contest 1,applied
CHUNK,main,1790441253955,1790441253955,1790441254103,500,contest 1,applied
CHUNK,main,1790441254105,1790441254105,1790441254233,500,contest 1,applied
CHUNK,main,1790441254330,1790441254330,1790441254455,500,contest 1,applied
CHUNK,main,1790441254458,1790441254458,1790441254618,500,contest 1,applied
CHUNK,main,1790441254720,1790441254720,1790441254858,500,contest 1,applied
CHUNK,main,1790441254860,1790441254860,1790441255020,500,contest 1,applied
CHUNK,main,1790441255120,1790441255120,1790441255254,500,contest 1,applied
CHUNK,main,1790441255261,1790441255261,1790441255412,500,contest 1,applied
CHUNK,main,1790441255505,1790441255505,1790441255638,500,contest 1,applied
CHUNK,main,1790441255641,1790441255641,1790441255771,500,contest 1,applied
CHUNK,main,1790441255866,1790441255866,1790441256026,500,contest 1,applied
CHUNK,main,1790441256028,1790441256028,1790441256155,500,contest 1,applied
CHUNK,main,1790441256255,1790441256255,1790441256418,500,contest 1,applied
CHUNK,main,1790441256420,1790441256420,1790441256622,500,contest 1,applied
CHUNK,main,1790441256707,1790441256707,1790441256937,500,contest 1,applied
CHUNK,main,1790441256939,1790441256939,1790441257128,500,contest 1,applied
CHUNK,main,1790441257211,1790441257211,1790441257489,500,contest 1,applied
CHUNK,main,1790441257495,1790441257495,1790441257730,500,contest 1,applied
CHUNK,main,1790441257826,1790441257826,1790441258137,500,contest 1,applied
CHUNK,main,1790441258139,1790441258139,1790441259106,500,contest 1,applied
CHUNK,main,1790441259190,1790441259190,1790441259937,500,contest 1,applied
CHUNK,main,1790441259939,1790441259939,1790441260337,500,contest 1,applied
CHUNK,main,1790441260424,1790441260424,1790441260737,500,contest 1,applied
CHUNK,main,1790441260739,1790441260739,1790441260994,500,contest 1,applied
CHUNK,main,1790441261070,1790441261070,1790441261323,500,contest 1,applied
CHUNK,main,1790441261325,1790441261325,1790441261519,500,contest 1,applied
CHUNK,main,1790441261622,1790441261622,1790441261817,500,contest 1,applied
CHUNK,main,1790441261819,1790441261819,1790441262008,500,contest 1,applied
CHUNK,main,1790441262083,1790441262083,1790441262354,500,contest 1,applied
CHUNK,main,1790441262357,1790441262357,1790441262754,500,contest 1,applied
CHUNK,main,1790441262840,1790441262840,1790441262967,500,contest 1,applied
CHUNK,main,1790441262969,1790441262969,1790441263154,500,contest 1,applied
CHUNK,main,1790441263228,1790441263228,1790441263362,500,contest 1,applied
CHUNK,main,1790441263364,1790441263364,1790441263511,500,contest 1,applied
CHUNK,main,1790441263603,1790441263603,1790441263738,500,contest 1,applied
CHUNK,main,1790441263744,1790441263744,1790441263870,500,contest 1,applied
CHUNK,main,1790441263940,1790441263940,1790441264069,500,contest 1,applied
CHUNK,main,1790441264071,1790441264071,1790441264237,500,contest 1,applied
CHUNK,main,1790441264305,1790441264305,1790441264537,500,contest 1,applied
CHUNK,main,1790441264540,1790441264540,1790441264785,500,contest 1,applied
CHUNK,main,1790441264852,1790441264852,1790441265137,500,contest 1,applied
CHUNK,main,1790441265139,1790441265139,1790441265437,500,contest 1,applied
CHUNK,main,1790441265502,1790441265502,1790441265727,500,contest 1,applied
CHUNK,main,1790441265729,1790441265729,1790441265928,500,contest 1,applied
CHUNK,main,1790441265992,1790441265992,1790441266237,500,contest 1,applied
CHUNK,main,1790441266244,1790441266244,1790441266537,500,contest 1,applied
CHUNK,main,1790441266609,1790441266609,1790441266886,500,contest 1,applied
CHUNK,main,1790441266888,1790441266888,1790441267154,500,contest 1,applied
CHUNK,main,1790441267254,1790441267254,1790441267504,500,contest 1,applied
CHUNK,main,1790441267507,1790441267507,1790441267663,500,contest 1,applied
CHUNK,main,1790441267722,1790441267722,1790441267855,500,contest 1,applied
CHUNK,main,1790441267857,1790441267857,1790441268003,500,contest 1,applied
CHUNK,main,1790441268058,1790441268058,1790441268205,500,contest 1,applied
CHUNK,main,1790441268207,1790441268207,1790441268335,500,contest 1,applied
CHUNK,main,1790441268389,1790441268389,1790441268520,500,contest 1,applied
CHUNK,main,1790441268523,1790441268523,1790441268665,500,contest 1,applied
CHUNK,main,1790441268720,1790441268720,1790441268851,500,contest 1,applied
CHUNK,main,1790441268853,1790441268853,1790441269005,500,contest 1,applied
CHUNK,main,1790441269054,1790441269054,1790441269216,500,contest 1,applied
CHUNK,main,1790441269218,1790441269218,1790441269350,500,contest 1,applied
CHUNK,main,1790441269401,1790441269401,1790441269539,500,contest 1,applied
CHUNK,main,1790441269541,1790441269541,1790441269673,500,contest 1,applied
CHUNK,main,1790441269720,1790441269720,1790441269854,500,contest 1,applied
CHUNK,main,1790441269857,1790441269857,1790441270007,500,contest 1,applied
CHUNK,main,1790441270053,1790441270053,1790441270200,500,contest 1,applied
CHUNK,main,1790441270202,1790441270202,1790441270338,500,contest 1,applied
CHUNK,main,1790441270388,1790441270388,1790441270522,500,contest 1,applied
CHUNK,main,1790441270524,1790441270524,1790441270754,500,contest 1,applied
CHUNK,main,1790441270801,1790441270801,1790441271137,500,contest 1,applied
CHUNK,main,1790441271139,1790441271139,1790441271437,500,contest 1,applied
CHUNK,main,1790441271485,1790441271485,1790441271815,500,contest 1,applied
CHUNK,main,1790441271817,1790441271817,1790441272033,500,contest 1,applied
CHUNK,main,1790441272082,1790441272082,1790441272337,500,contest 1,applied
CHUNK,main,1790441272339,1790441272339,1790441272597,500,contest 1,applied
CHUNK,main,1790441272636,1790441272636,1790441272909,500,contest 1,applied
CHUNK,main,1790441272912,1790441272912,1790441273137,500,contest 1,applied
CHUNK,main,1790441273176,1790441273176,1790441273437,500,contest 1,applied
CHUNK,main,1790441273440,1790441273440,1790441273737,500,contest 1,applied
CHUNK,main,1790441273771,1790441273771,1790441274012,500,contest 1,applied
CHUNK,main,1790441274014,1790441274014,1790441274225,500,contest 1,applied
CHUNK,main,1790441274260,1790441274260,1790441274404,500,contest 1,applied
CHUNK,main,1790441274406,1790441274406,1790441274534,500,contest 1,applied
CHUNK,main,1790441274565,1790441274565,1790441274697,500,contest 1,applied
CHUNK,main,1790441274699,1790441274699,1790441274826,500,contest 1,applied
CHUNK,main,1790441274855,1790441274855,1790441275001,500,contest 1,applied
CHUNK,main,1790441275003,1790441275003,1790441275131,500,contest 1,applied
CHUNK,main,1790441275163,1790441275163,1790441275316,500,contest 1,applied
CHUNK,main,1790441275319,1790441275319,1790441275456,500,contest 1,applied
CHUNK,main,1790441275482,1790441275482,1790441275629,500,contest 1,applied
CHUNK,main,1790441275631,1790441275631,1790441275761,500,contest 1,applied
CHUNK,main,1790441275788,1790441275788,1790441275926,500,contest 1,applied
CHUNK,main,1790441275932,1790441275932,1790441276069,500,contest 1,applied
CHUNK,main,1790441276094,1790441276094,1790441276269,500,contest 1,applied
CHUNK,main,1790441276272,1790441276272,1790441276416,500,contest 1,applied
CHUNK,main,1790441276438,1790441276438,1790441276571,500,contest 1,applied
CHUNK,main,1790441276574,1790441276574,1790441276713,500,contest 1,applied
CHUNK,main,1790441276734,1790441276734,1790441276872,500,contest 1,applied
CHUNK,main,1790441276874,1790441276874,1790441277024,500,contest 1,applied
CHUNK,main,1790441277035,1790441277035,1790441277171,500,contest 1,applied
CHUNK,main,1790441277173,1790441277173,1790441277337,500,contest 1,applied
CHUNK,main,1790441277346,1790441277346,1790441277637,500,contest 1,applied
CHUNK,main,1790441277640,1790441277640,1790441277889,500,contest 1,applied
CHUNK,main,1790441277896,1790441277896,1790441278137,500,contest 1,applied
CHUNK,main,1790441278140,1790441278140,1790441278337,500,contest 1,applied
CHUNK,main,1790441278339,1790441278339,1790441278371,113,contest 1,applied
PASS_END,main,1790441193562,-1,1790441278372,-1,mysql-replay,77113
PASS_START,scoreboard-full-replay,1790441392848,-1,-1,-1,mysql-replay,started
GAP,contestScoreboardStreamListenerContainer-1,1790441392950,-1,1790441392952,-1,retention checkpoint=1508138 delivery=1511678,covered
CHUNK,scoreboard-full-replay,1790441393459,1790441393981,1790441395077,500,contest 1,applied
CHUNK,scoreboard-full-replay,1790441395080,1790441395466,1790441396051,500,contest 1,applied
CHUNK,scoreboard-full-replay,1790441396448,1790441397047,1790441397449,500,contest 1,applied
CHUNK,scoreboard-full-replay,1790441397451,1790441397649,1790441397948,500,contest 1,applied
CHUNK,scoreboard-full-replay,1790441398293,1790441398293,1790441398714,500,contest 1,applied
CHUNK,scoreboard-full-replay,1790441398717,1790441398872,1790441399249,500,contest 1,applied
CHUNK,scoreboard-full-replay,1790441399548,1790441399608,1790441399851,500,contest 1,applied
CHUNK,scoreboard-full-replay,1790441399853,1790441399896,1790441400308,500,contest 1,applied
CHUNK,scoreboard-full-replay,1790441400651,1790441400670,1790441401029,500,contest 1,applied
CHUNK,scoreboard-full-replay,1790441401032,1790441401156,1790441401450,500,contest 1,applied
CHUNK,scoreboard-full-replay,1790441401848,1790441401966,1790441402150,500,contest 1,applied
CHUNK,scoreboard-full-replay,1790441402154,1790441402194,1790441402550,500,contest 1,applied
CHUNK,scoreboard-full-replay,1790441402951,1790441402951,1790441403249,500,contest 1,applied
CHUNK,scoreboard-full-replay,1790441403252,1790441403308,1790441403750,500,contest 1,applied
CHUNK,scoreboard-full-replay,1790441404063,1790441404096,1790441404449,500,contest 1,applied
CHUNK,scoreboard-full-replay,1790441404451,1790441404727,1790441404950,500,contest 1,applied
CHUNK,scoreboard-full-replay,1790441405232,1790441405312,1790441405609,500,contest 1,applied
CHUNK,scoreboard-full-replay,1790441405612,1790441405742,1790441406006,500,contest 1,applied
CHUNK,scoreboard-full-replay,1790441406304,1790441406419,1790441406647,500,contest 1,applied
CHUNK,scoreboard-full-replay,1790441406650,1790441406849,1790441407064,500,contest 1,applied
CHUNK,scoreboard-full-replay,1790441407354,1790441407359,1790441407648,500,contest 1,applied
CHUNK,scoreboard-full-replay,1790441407650,1790441407682,1790441407849,500,contest 1,applied
CHUNK,scoreboard-full-replay,1790441408154,1790441408154,1790441408450,500,contest 1,applied
CHUNK,scoreboard-full-replay,1790441408460,1790441408504,1790441408712,500,contest 1,applied
CHUNK,scoreboard-full-replay,1790441408987,1790441408987,1790441409510,500,contest 1,applied
CHUNK,scoreboard-full-replay,1790441409514,1790441409633,1790441409950,500,contest 1,applied
CHUNK,scoreboard-full-replay,1790441410226,1790441410283,1790441410458,500,contest 1,applied
CHUNK,scoreboard-full-replay,1790441410461,1790441410683,1790441411149,500,contest 1,applied
CHUNK,scoreboard-full-replay,1790441411450,1790441411476,1790441412016,500,contest 1,applied
CHUNK,scoreboard-full-replay,1790441412020,1790441412120,1790441412328,500,contest 1,applied
CHUNK,scoreboard-full-replay,1790441412599,1790441412669,1790441412949,500,contest 1,applied
CHUNK,scoreboard-full-replay,1790441412952,1790441413164,1790441413547,500,contest 1,applied
CHUNK,scoreboard-full-replay,1790441413900,1790441413900,1790441414148,500,contest 1,applied
CHUNK,scoreboard-full-replay,1790441414151,1790441414481,1790441414753,500,contest 1,applied
CHUNK,scoreboard-full-replay,1790441415053,1790441415269,1790441415561,500,contest 1,applied
CHUNK,scoreboard-full-replay,1790441415563,1790441415665,1790441415949,500,contest 1,applied
CHUNK,scoreboard-full-replay,1790441416250,1790441416272,1790441416511,500,contest 1,applied
CHUNK,scoreboard-full-replay,1790441416514,1790441416671,1790441417048,500,contest 1,applied
CHUNK,scoreboard-full-replay,1790441417348,1790441417373,1790441417639,500,contest 1,applied
CHUNK,scoreboard-full-replay,1790441417643,1790441417889,1790441418150,500,contest 1,applied
CHUNK,scoreboard-full-replay,1790441418405,1790441418405,1790441418603,500,contest 1,applied
CHUNK,scoreboard-full-replay,1790441418606,1790441418648,1790441418848,500,contest 1,applied
CHUNK,scoreboard-full-replay,1790441419086,1790441419086,1790441419313,500,contest 1,applied
CHUNK,scoreboard-full-replay,1790441419316,1790441419373,1790441419548,500,contest 1,applied
CHUNK,scoreboard-full-replay,1790441419789,1790441419821,1790441420048,500,contest 1,applied
CHUNK,scoreboard-full-replay,1790441420052,1790441420082,1790441420457,500,contest 1,applied
CHUNK,scoreboard-full-replay,1790441420707,1790441420747,1790441421048,500,contest 1,applied
CHUNK,scoreboard-full-replay,1790441421050,1790441421190,1790441421462,500,contest 1,applied
CHUNK,scoreboard-full-replay,1790441421774,1790441421974,1790441422261,500,contest 1,applied
CHUNK,scoreboard-full-replay,1790441422264,1790441422344,1790441422650,500,contest 1,applied
CHUNK,scoreboard-full-replay,1790441422898,1790441422901,1790441423147,500,contest 1,applied
CHUNK,scoreboard-full-replay,1790441423151,1790441423331,1790441423649,500,contest 1,applied
CHUNK,scoreboard-full-replay,1790441423967,1790441424064,1790441424348,500,contest 1,applied
CHUNK,scoreboard-full-replay,1790441424351,1790441424448,1790441424805,500,contest 1,applied
CHUNK,scoreboard-full-replay,1790441425069,1790441425271,1790441425548,500,contest 1,applied
CHUNK,scoreboard-full-replay,1790441425552,1790441425642,1790441425848,500,contest 1,applied
CHUNK,scoreboard-full-replay,1790441426082,1790441426302,1790441426521,500,contest 1,applied
CHUNK,scoreboard-full-replay,1790441426524,1790441426608,1790441426951,500,contest 1,applied
CHUNK,scoreboard-full-replay,1790441427178,1790441427178,1790441427351,500,contest 1,applied
CHUNK,scoreboard-full-replay,1790441427353,1790441427471,1790441427848,500,contest 1,applied
CHUNK,scoreboard-full-replay,1790441428061,1790441428061,1790441428449,500,contest 1,applied
CHUNK,scoreboard-full-replay,1790441428452,1790441428671,1790441428935,500,contest 1,applied
CHUNK,scoreboard-full-replay,1790441429190,1790441429190,1790441429550,500,contest 1,applied
CHUNK,scoreboard-full-replay,1790441429554,1790441429732,1790441429951,500,contest 1,applied
CHUNK,scoreboard-full-replay,1790441430179,1790441430179,1790441430534,500,contest 1,applied
CHUNK,scoreboard-full-replay,1790441430537,1790441430625,1790441430883,500,contest 1,applied
CHUNK,scoreboard-full-replay,1790441431092,1790441431093,1790441431316,500,contest 1,applied
CHUNK,scoreboard-full-replay,1790441431318,1790441431347,1790441431577,500,contest 1,applied
CHUNK,scoreboard-full-replay,1790441431867,1790441431897,1790441432103,500,contest 1,applied
CHUNK,scoreboard-full-replay,1790441432105,1790441432134,1790441432347,500,contest 1,applied
CHUNK,scoreboard-full-replay,1790441432539,1790441432539,1790441432847,500,contest 1,applied
CHUNK,scoreboard-full-replay,1790441432850,1790441432896,1790441433148,500,contest 1,applied
CHUNK,scoreboard-full-replay,1790441433376,1790441433565,1790441433850,500,contest 1,applied
CHUNK,scoreboard-full-replay,1790441433853,1790441433928,1790441434149,500,contest 1,applied
CHUNK,scoreboard-full-replay,1790441434374,1790441434374,1790441434739,500,contest 1,applied
CHUNK,scoreboard-full-replay,1790441434742,1790441434864,1790441435247,500,contest 1,applied
CHUNK,scoreboard-full-replay,1790441435449,1790441435517,1790441435719,500,contest 1,applied
CHUNK,scoreboard-full-replay,1790441435722,1790441435984,1790441436349,500,contest 1,applied
CHUNK,scoreboard-full-replay,1790441436551,1790441436551,1790441436803,500,contest 1,applied
CHUNK,scoreboard-full-replay,1790441436806,1790441437079,1790441437342,500,contest 1,applied
CHUNK,scoreboard-full-replay,1790441437509,1790441437509,1790441437748,500,contest 1,applied
CHUNK,scoreboard-full-replay,1790441437751,1790441437948,1790441438313,500,contest 1,applied
CHUNK,scoreboard-full-replay,1790441438495,1790441438495,1790441438948,500,contest 1,applied
CHUNK,scoreboard-full-replay,1790441438950,1790441439213,1790441439434,500,contest 1,applied
CHUNK,scoreboard-full-replay,1790441439650,1790441439760,1790441440049,500,contest 1,applied
CHUNK,scoreboard-full-replay,1790441440052,1790441440203,1790441440649,500,contest 1,applied
CHUNK,scoreboard-full-replay,1790441440881,1790441441136,1790441441448,500,contest 1,applied
CHUNK,scoreboard-full-replay,1790441441450,1790441441542,1790441441819,500,contest 1,applied
CHUNK,scoreboard-full-replay,1790441442054,1790441442373,1790441442728,500,contest 1,applied
CHUNK,scoreboard-full-replay,1790441442731,1790441442743,1790441443004,500,contest 1,applied
CHUNK,scoreboard-full-replay,1790441443202,1790441443373,1790441443548,500,contest 1,applied
CHUNK,scoreboard-full-replay,1790441443551,1790441443551,1790441443826,500,contest 1,applied
CHUNK,scoreboard-full-replay,1790441444015,1790441444169,1790441444353,500,contest 1,applied
CHUNK,scoreboard-full-replay,1790441444363,1790441444485,1790441444710,500,contest 1,applied
CHUNK,scoreboard-full-replay,1790441444877,1790441444877,1790441445049,500,contest 1,applied
CHUNK,scoreboard-full-replay,1790441445053,1790441445086,1790441445335,500,contest 1,applied
CHUNK,scoreboard-full-replay,1790441445552,1790441445699,1790441446048,500,contest 1,applied
CHUNK,scoreboard-full-replay,1790441446050,1790441446168,1790441446549,500,contest 1,applied
CHUNK,scoreboard-full-replay,1790441446756,1790441446777,1790441447004,500,contest 1,applied
CHUNK,scoreboard-full-replay,1790441447006,1790441447271,1790441447547,500,contest 1,applied
CHUNK,scoreboard-full-replay,1790441447771,1790441447771,1790441448147,500,contest 1,applied
CHUNK,scoreboard-full-replay,1790441448150,1790441448730,1790441449330,500,contest 1,applied
CHUNK,scoreboard-full-replay,1790441449496,1790441450044,1790441450630,500,contest 1,applied
CHUNK,scoreboard-full-replay,1790441450634,1790441451031,1790441451547,500,contest 1,applied
CHUNK,scoreboard-full-replay,1790441451760,1790441451957,1790441452248,500,contest 1,applied
CHUNK,scoreboard-full-replay,1790441452250,1790441452506,1790441452808,500,contest 1,applied
CHUNK,scoreboard-full-replay,1790441452960,1790441453166,1790441453522,500,contest 1,applied
CHUNK,scoreboard-full-replay,1790441453527,1790441453874,1790441454062,500,contest 1,applied
CHUNK,scoreboard-full-replay,1790441454251,1790441454576,1790441454913,500,contest 1,applied
CHUNK,scoreboard-full-replay,1790441454946,1790441455002,1790441455164,500,contest 1,applied
CHUNK,scoreboard-full-replay,1790441455349,1790441455431,1790441455847,500,contest 1,applied
CHUNK,scoreboard-full-replay,1790441455850,1790441455943,1790441456247,500,contest 1,applied
CHUNK,scoreboard-full-replay,1790441456386,1790441456386,1790441456551,500,contest 1,applied
CHUNK,scoreboard-full-replay,1790441456555,1790441456746,1790441457066,500,contest 1,applied
CHUNK,scoreboard-full-replay,1790441457215,1790441457215,1790441457448,500,contest 1,applied
CHUNK,scoreboard-full-replay,1790441457450,1790441457495,1790441457767,500,contest 1,applied
CHUNK,scoreboard-full-replay,1790441457942,1790441458105,1790441458431,500,contest 1,applied
CHUNK,scoreboard-full-replay,1790441458433,1790441458510,1790441458847,500,contest 1,applied
CHUNK,scoreboard-full-replay,1790441459002,1790441459069,1790441459246,500,contest 1,applied
CHUNK,scoreboard-full-replay,1790441459249,1790441459471,1790441459739,500,contest 1,applied
CHUNK,scoreboard-full-replay,1790441459898,1790441459898,1790441460247,500,contest 1,applied
CHUNK,scoreboard-full-replay,1790441460250,1790441460366,1790441460647,500,contest 1,applied
CHUNK,scoreboard-full-replay,1790441460778,1790441460813,1790441461010,500,contest 1,applied
CHUNK,scoreboard-full-replay,1790441461012,1790441461300,1790441461531,500,contest 1,applied
CHUNK,scoreboard-full-replay,1790441461772,1790441461790,1790441462241,500,contest 1,applied
CHUNK,scoreboard-full-replay,1790441462244,1790441462371,1790441462747,500,contest 1,applied
CHUNK,scoreboard-full-replay,1790441462886,1790441462955,1790441463150,500,contest 1,applied
CHUNK,scoreboard-full-replay,1790441463154,1790441463424,1790441463748,500,contest 1,applied
CHUNK,scoreboard-full-replay,1790441463950,1790441464072,1790441464498,500,contest 1,applied
CHUNK,scoreboard-full-replay,1790441464500,1790441464767,1790441464961,500,contest 1,applied
CHUNK,scoreboard-full-replay,1790441465089,1790441465268,1790441465448,500,contest 1,applied
CHUNK,scoreboard-full-replay,1790441465451,1790441465666,1790441465922,500,contest 1,applied
CHUNK,scoreboard-full-replay,1790441466058,1790441466058,1790441466413,500,contest 1,applied
CHUNK,scoreboard-full-replay,1790441466422,1790441466518,1790441466834,500,contest 1,applied
CHUNK,scoreboard-full-replay,1790441466950,1790441466987,1790441467310,500,contest 1,applied
CHUNK,scoreboard-full-replay,1790441467313,1790441467444,1790441467647,500,contest 1,applied
CHUNK,scoreboard-full-replay,1790441467771,1790441467772,1790441468014,500,contest 1,applied
CHUNK,scoreboard-full-replay,1790441468017,1790441468072,1790441468261,500,contest 1,applied
CHUNK,scoreboard-full-replay,1790441468375,1790441468375,1790441468599,500,contest 1,applied
CHUNK,scoreboard-full-replay,1790441468602,1790441468671,1790441468914,500,contest 1,applied
CHUNK,scoreboard-full-replay,1790441469026,1790441469084,1790441469299,500,contest 1,applied
CHUNK,scoreboard-full-replay,1790441469302,1790441469318,1790441469651,500,contest 1,applied
CHUNK,scoreboard-full-replay,1790441469758,1790441469867,1790441470148,500,contest 1,applied
CHUNK,scoreboard-full-replay,1790441470151,1790441470263,1790441470621,500,contest 1,applied
CHUNK,scoreboard-full-replay,1790441470753,1790441470753,1790441471148,500,contest 1,applied
CHUNK,scoreboard-full-replay,1790441471150,1790441471308,1790441471549,500,contest 1,applied
CHUNK,scoreboard-full-replay,1790441471747,1790441471957,1790441472248,500,contest 1,applied
CHUNK,scoreboard-full-replay,1790441472250,1790441472533,1790441472760,500,contest 1,applied
CHUNK,scoreboard-full-replay,1790441472858,1790441472974,1790441473300,500,contest 1,applied
CHUNK,scoreboard-full-replay,1790441473302,1790441473401,1790441473746,500,contest 1,applied
CHUNK,scoreboard-full-replay,1790441473863,1790441473973,1790441474147,500,contest 1,applied
CHUNK,scoreboard-full-replay,1790441474150,1790441474417,1790441474670,500,contest 1,applied
CHUNK,scoreboard-full-replay,1790441474773,1790441474846,1790441475146,500,contest 1,applied
CHUNK,scoreboard-full-replay,1790441475149,1790441475260,1790441475547,500,contest 1,applied
CHUNK,scoreboard-full-replay,1790441475648,1790441475664,1790441475847,500,contest 1,applied
CHUNK,scoreboard-full-replay,1790441475851,1790441476055,1790441476280,500,contest 1,applied
CHUNK,scoreboard-full-replay,1790441476383,1790441476383,1790441476798,500,contest 1,applied
CHUNK,scoreboard-full-replay,1790441476801,1790441476894,1790441477152,500,contest 1,applied
CHUNK,scoreboard-full-replay,1790441477256,1790441477351,1790441477648,500,contest 1,applied
CHUNK,scoreboard-full-replay,1790441477654,1790441477838,1790441478049,500,contest 1,applied
CHUNK,scoreboard-full-replay,1790441478147,1790441478319,1790441478518,500,contest 1,applied
CHUNK,scoreboard-full-replay,1790441478521,1790441478769,1790441478968,500,contest 1,applied
CHUNK,scoreboard-full-replay,1790441479051,1790441479124,1790441479365,500,contest 1,applied
CHUNK,scoreboard-full-replay,1790441479368,1790441479475,1790441479747,500,contest 1,applied
CHUNK,scoreboard-full-replay,1790441479849,1790441479928,1790441480124,500,contest 1,applied
CHUNK,scoreboard-full-replay,1790441480127,1790441480198,1790441480421,500,contest 1,applied
CHUNK,scoreboard-full-replay,1790441480541,1790441480587,1790441480757,500,contest 1,applied
CHUNK,scoreboard-full-replay,1790441480765,1790441480786,1790441480961,500,contest 1,applied
CHUNK,scoreboard-full-replay,1790441481049,1790441481049,1790441481347,500,contest 1,applied
CHUNK,scoreboard-full-replay,1790441481350,1790441481386,1790441481572,500,contest 1,applied
CHUNK,scoreboard-full-replay,1790441481672,1790441481672,1790441481947,500,contest 1,applied
CHUNK,scoreboard-full-replay,1790441481950,1790441482045,1790441482348,500,contest 1,applied
CHUNK,scoreboard-full-replay,1790441482425,1790441482425,1790441482652,500,contest 1,applied
CHUNK,scoreboard-full-replay,1790441482656,1790441482876,1790441483212,500,contest 1,applied
CHUNK,scoreboard-full-replay,1790441483291,1790441483341,1790441483647,500,contest 1,applied
CHUNK,scoreboard-full-replay,1790441483650,1790441483946,1790441484147,500,contest 1,applied
CHUNK,scoreboard-full-replay,1790441484250,1790441484371,1790441484710,500,contest 1,applied
CHUNK,scoreboard-full-replay,1790441484713,1790441484814,1790441485047,500,contest 1,applied
CHUNK,scoreboard-full-replay,1790441485155,1790441485266,1790441485454,500,contest 1,applied
CHUNK,scoreboard-full-replay,1790441485457,1790441485607,1790441485926,500,contest 1,applied
CHUNK,scoreboard-full-replay,1790441485984,1790441486041,1790441486347,500,contest 1,applied
CHUNK,scoreboard-full-replay,1790441486351,1790441486515,1790441486747,500,contest 1,applied
CHUNK,scoreboard-full-replay,1790441486847,1790441486973,1790441487303,500,contest 1,applied
CHUNK,scoreboard-full-replay,1790441487306,1790441487545,1790441487773,500,contest 1,applied
CHUNK,scoreboard-full-replay,1790441487848,1790441487977,1790441488326,500,contest 1,applied
CHUNK,scoreboard-full-replay,1790441488336,1790441488446,1790441488747,500,contest 1,applied
CHUNK,scoreboard-full-replay,1790441488848,1790441488950,1790441489147,500,contest 1,applied
CHUNK,scoreboard-full-replay,1790441489150,1790441489368,1790441489547,500,contest 1,applied
CHUNK,scoreboard-full-replay,1790441489647,1790441489745,1790441490008,500,contest 1,applied
CHUNK,scoreboard-full-replay,1790441490010,1790441490131,1790441490423,500,contest 1,applied
CHUNK,scoreboard-full-replay,1790441490481,1790441490545,1790441490824,500,contest 1,applied
CHUNK,scoreboard-full-replay,1790441490827,1790441490944,1790441491241,500,contest 1,applied
CHUNK,scoreboard-full-replay,1790441491296,1790441491363,1790441491648,500,contest 1,applied
CHUNK,scoreboard-full-replay,1790441491651,1790441491853,1790441492047,500,contest 1,applied
CHUNK,scoreboard-full-replay,1790441492102,1790441492232,1790441492446,500,contest 1,applied
CHUNK,scoreboard-full-replay,1790441492449,1790441492506,1790441492725,500,contest 1,applied
CHUNK,scoreboard-full-replay,1790441492777,1790441492785,1790441493009,500,contest 1,applied
CHUNK,scoreboard-full-replay,1790441493012,1790441493087,1790441493346,500,contest 1,applied
CHUNK,scoreboard-full-replay,1790441493396,1790441493396,1790441493618,500,contest 1,applied
CHUNK,scoreboard-full-replay,1790441493627,1790441493692,1790441494047,500,contest 1,applied
CHUNK,scoreboard-full-replay,1790441494096,1790441494096,1790441494319,500,contest 1,applied
CHUNK,scoreboard-full-replay,1790441494322,1790441494388,1790441494646,500,contest 1,applied
CHUNK,scoreboard-full-replay,1790441494689,1790441494746,1790441495111,500,contest 1,applied
CHUNK,scoreboard-full-replay,1790441495113,1790441495245,1790441495545,500,contest 1,applied
CHUNK,scoreboard-full-replay,1790441495646,1790441495765,1790441496044,500,contest 1,applied
CHUNK,scoreboard-full-replay,1790441496048,1790441496245,1790441496547,500,contest 1,applied
CHUNK,scoreboard-full-replay,1790441496581,1790441496673,1790441496947,500,contest 1,applied
CHUNK,scoreboard-full-replay,1790441496960,1790441497167,1790441497346,500,contest 1,applied
CHUNK,scoreboard-full-replay,1790441497381,1790441497580,1790441497768,500,contest 1,applied
CHUNK,scoreboard-full-replay,1790441497770,1790441498009,1790441498258,500,contest 1,applied
CHUNK,scoreboard-full-replay,1790441498288,1790441498370,1790441498644,500,contest 1,applied
CHUNK,scoreboard-full-replay,1790441498647,1790441498746,1790441499136,500,contest 1,applied
CHUNK,scoreboard-full-replay,1790441499177,1790441499311,1790441499626,500,contest 1,applied
CHUNK,scoreboard-full-replay,1790441499628,1790441499740,1790441500028,500,contest 1,applied
CHUNK,scoreboard-full-replay,1790441500046,1790441500171,1790441500447,500,contest 1,applied
CHUNK,scoreboard-full-replay,1790441500449,1790441500572,1790441500808,500,contest 1,applied
CHUNK,scoreboard-full-replay,1790441500817,1790441500926,1790441501431,500,contest 1,applied
CHUNK,scoreboard-full-replay,1790441501434,1790441501770,1790441502019,500,contest 1,applied
CHUNK,scoreboard-full-replay,1790441502026,1790441502368,1790441502550,500,contest 1,applied
CHUNK,scoreboard-full-replay,1790441502551,1790441502824,1790441502901,232,contest 1,applied
PASS_END,scoreboard-full-replay,1790441392848,-1,1790441502902,-1,mysql-replay,true
PASS_START,scoreboard-full-replay,1790441503047,-1,-1,-1,mysql-replay,started
CHUNK,scoreboard-full-replay,1790441503509,1790441503509,1790441503825,500,contest 1,applied
CHUNK,scoreboard-full-replay,1790441503828,1790441503901,1790441504249,500,contest 1,applied
CHUNK,scoreboard-full-replay,1790441504695,1790441504695,1790441504912,500,contest 1,applied
CHUNK,scoreboard-full-replay,1790441504914,1790441504977,1790441505154,500,contest 1,applied
CHUNK,scoreboard-full-replay,1790441505584,1790441505584,1790441505753,500,contest 1,applied
CHUNK,scoreboard-full-replay,1790441505756,1790441505789,1790441505955,500,contest 1,applied
CHUNK,scoreboard-full-replay,1790441506424,1790441506452,1790441506706,500,contest 1,applied
CHUNK,scoreboard-full-replay,1790441506709,1790441506730,1790441507021,500,contest 1,applied
CHUNK,scoreboard-full-replay,1790441507456,1790441507547,1790441507766,500,contest 1,applied
CHUNK,scoreboard-full-replay,1790441507769,1790441507832,1790441508149,500,contest 1,applied
CHUNK,scoreboard-full-replay,1790441508653,1790441508701,1790441508905,500,contest 1,applied
CHUNK,scoreboard-full-replay,1790441508908,1790441509079,1790441509268,500,contest 1,applied
CHUNK,scoreboard-full-replay,1790441509683,1790441509683,1790441510005,500,contest 1,applied
CHUNK,scoreboard-full-replay,1790441510008,1790441510105,1790441510349,500,contest 1,applied
CHUNK,scoreboard-full-replay,1790441510871,1790441510905,1790441511204,500,contest 1,applied
CHUNK,scoreboard-full-replay,1790441511207,1790441511279,1790441511547,500,contest 1,applied
CHUNK,scoreboard-full-replay,1790441512093,1790441512232,1790441512931,500,contest 1,applied
CHUNK,scoreboard-full-replay,1790441512934,1790441513132,1790441513731,500,contest 1,applied
CHUNK,scoreboard-full-replay,1790441514169,1790441514550,1790441515031,500,contest 1,applied
CHUNK,scoreboard-full-replay,1790441515034,1790441515447,1790441515722,500,contest 1,applied
CHUNK,scoreboard-full-replay,1790441516152,1790441516269,1790441516524,500,contest 1,applied
CHUNK,scoreboard-full-replay,1790441516527,1790441516911,1790441517135,500,contest 1,applied
CHUNK,scoreboard-full-replay,1790441517555,1790441517555,1790441517749,500,contest 1,applied
CHUNK,scoreboard-full-replay,1790441517752,1790441517789,1790441518015,500,contest 1,applied
CHUNK,scoreboard-full-replay,1790441518472,1790441518472,1790441518701,500,contest 1,applied
CHUNK,scoreboard-full-replay,1790441518703,1790441518729,1790441518948,500,contest 1,applied
CHUNK,scoreboard-full-replay,1790441519349,1790441519349,1790441519650,500,contest 1,applied
CHUNK,scoreboard-full-replay,1790441519652,1790441519689,1790441519850,500,contest 1,applied
CHUNK,scoreboard-full-replay,1790441520272,1790441520272,1790441520550,500,contest 1,applied
CHUNK,scoreboard-full-replay,1790441520564,1790441520683,1790441520848,500,contest 1,applied
CHUNK,scoreboard-full-replay,1790441521260,1790441521260,1790441521548,500,contest 1,applied
CHUNK,scoreboard-full-replay,1790441521551,1790441521615,1790441521950,500,contest 1,applied
CHUNK,scoreboard-full-replay,1790441522387,1790441522388,1790441522726,500,contest 1,applied
CHUNK,scoreboard-full-replay,1790441522730,1790441522811,1790441523049,500,contest 1,applied
CHUNK,scoreboard-full-replay,1790441523460,1790441523467,1790441523751,500,contest 1,applied
CHUNK,scoreboard-full-replay,1790441523754,1790441523901,1790441524157,500,contest 1,applied
CHUNK,scoreboard-full-replay,1790441524567,1790441524567,1790441524848,500,contest 1,applied
CHUNK,scoreboard-full-replay,1790441524851,1790441524939,1790441525119,500,contest 1,applied
CHUNK,scoreboard-full-replay,1790441525514,1790441525551,1790441525833,500,contest 1,applied
CHUNK,scoreboard-full-replay,1790441525836,1790441525907,1790441526150,500,contest 1,applied
CHUNK,scoreboard-full-replay,1790441526552,1790441526565,1790441526811,500,contest 1,applied
CHUNK,scoreboard-full-replay,1790441526814,1790441526874,1790441527131,500,contest 1,applied
CHUNK,scoreboard-full-replay,1790441527541,1790441527590,1790441527848,500,contest 1,applied
CHUNK,scoreboard-full-replay,1790441527850,1790441527903,1790441528203,500,contest 1,applied
CHUNK,scoreboard-full-replay,1790441528665,1790441528689,1790441528951,500,contest 1,applied
CHUNK,scoreboard-full-replay,1790441528953,1790441529010,1790441529266,500,contest 1,applied
CHUNK,scoreboard-full-replay,1790441529630,1790441529630,1790441529840,500,contest 1,applied
CHUNK,scoreboard-full-replay,1790441529843,1790441529881,1790441530058,500,contest 1,applied
CHUNK,scoreboard-full-replay,1790441530427,1790441530427,1790441530629,500,contest 1,applied
CHUNK,scoreboard-full-replay,1790441530632,1790441530683,1790441530849,500,contest 1,applied
CHUNK,scoreboard-full-replay,1790441531247,1790441531256,1790441531448,500,contest 1,applied
CHUNK,scoreboard-full-replay,1790441531451,1790441531487,1790441531851,500,contest 1,applied
CHUNK,scoreboard-full-replay,1790441532283,1790441532293,1790441532650,500,contest 1,applied
CHUNK,scoreboard-full-replay,1790441532653,1790441532705,1790441532941,500,contest 1,applied
CHUNK,scoreboard-full-replay,1790441533351,1790441533351,1790441533571,500,contest 1,applied
CHUNK,scoreboard-full-replay,1790441533573,1790441533673,1790441533951,500,contest 1,applied
CHUNK,scoreboard-full-replay,1790441534378,1790441534378,1790441534651,500,contest 1,applied
CHUNK,scoreboard-full-replay,1790441534655,1790441534713,1790441534975,500,contest 1,applied
CHUNK,scoreboard-full-replay,1790441535382,1790441535440,1790441535652,500,contest 1,applied
CHUNK,scoreboard-full-replay,1790441535656,1790441535749,1790441535965,500,contest 1,applied
CHUNK,scoreboard-full-replay,1790441536355,1790441536394,1790441536652,500,contest 1,applied
CHUNK,scoreboard-full-replay,1790441536655,1790441536703,1790441536854,500,contest 1,applied
CHUNK,scoreboard-full-replay,1790441537204,1790441537204,1790441537450,500,contest 1,applied
CHUNK,scoreboard-full-replay,1790441537453,1790441537507,1790441537751,500,contest 1,applied
CHUNK,scoreboard-full-replay,1790441538160,1790441538173,1790441538451,500,contest 1,applied
CHUNK,scoreboard-full-replay,1790441538453,1790441538502,1790441538850,500,contest 1,applied
CHUNK,scoreboard-full-replay,1790441539174,1790441539213,1790441539534,500,contest 1,applied
CHUNK,scoreboard-full-replay,1790441539537,1790441539591,1790441539850,500,contest 1,applied
CHUNK,scoreboard-full-replay,1790441540185,1790441540185,1790441540451,500,contest 1,applied
CHUNK,scoreboard-full-replay,1790441540453,1790441540503,1790441540751,500,contest 1,applied
CHUNK,scoreboard-full-replay,1790441541094,1790441541094,1790441541260,500,contest 1,applied
CHUNK,scoreboard-full-replay,1790441541263,1790441541467,1790441541753,500,contest 1,applied
CHUNK,scoreboard-full-replay,1790441542208,1790441542227,1790441542426,500,contest 1,applied
CHUNK,scoreboard-full-replay,1790441542429,1790441542484,1790441542677,500,contest 1,applied
CHUNK,scoreboard-full-replay,1790441543037,1790441543063,1790441543252,500,contest 1,applied
CHUNK,scoreboard-full-replay,1790441543255,1790441543287,1790441543491,500,contest 1,applied
CHUNK,scoreboard-full-replay,1790441543822,1790441543822,1790441544051,500,contest 1,applied
CHUNK,scoreboard-full-replay,1790441544054,1790441544086,1790441544406,500,contest 1,applied
CHUNK,scoreboard-full-replay,1790441544756,1790441544775,1790441544950,500,contest 1,applied
CHUNK,scoreboard-full-replay,1790441544953,1790441545076,1790441545354,500,contest 1,applied
CHUNK,scoreboard-full-replay,1790441545743,1790441545791,1790441546051,500,contest 1,applied
CHUNK,scoreboard-full-replay,1790441546054,1790441546113,1790441546353,500,contest 1,applied
CHUNK,scoreboard-full-replay,1790441546692,1790441546692,1790441546951,500,contest 1,applied
CHUNK,scoreboard-full-replay,1790441546954,1790441547026,1790441547250,500,contest 1,applied
CHUNK,scoreboard-full-replay,1790441547589,1790441547589,1790441547850,500,contest 1,applied
CHUNK,scoreboard-full-replay,1790441547853,1790441547907,1790441548067,500,contest 1,applied
CHUNK,scoreboard-full-replay,1790441548433,1790441548466,1790441548752,500,contest 1,applied
CHUNK,scoreboard-full-replay,1790441548755,1790441548896,1790441549075,500,contest 1,applied
CHUNK,scoreboard-full-replay,1790441549399,1790441549399,1790441549551,500,contest 1,applied
CHUNK,scoreboard-full-replay,1790441549553,1790441549626,1790441549933,500,contest 1,applied
CHUNK,scoreboard-full-replay,1790441550255,1790441550276,1790441550451,500,contest 1,applied
CHUNK,scoreboard-full-replay,1790441550454,1790441550570,1790441550805,500,contest 1,applied
CHUNK,scoreboard-full-replay,1790441551099,1790441551112,1790441551351,500,contest 1,applied
CHUNK,scoreboard-full-replay,1790441551354,1790441551450,1790441551653,500,contest 1,applied
CHUNK,scoreboard-full-replay,1790441552103,1790441552131,1790441552418,500,contest 1,applied
CHUNK,scoreboard-full-replay,1790441552422,1790441552472,1790441552711,500,contest 1,applied
CHUNK,scoreboard-full-replay,1790441553053,1790441553053,1790441553326,500,contest 1,applied
CHUNK,scoreboard-full-replay,1790441553329,1790441553400,1790441553653,500,contest 1,applied
CHUNK,scoreboard-full-replay,1790441553977,1790441553985,1790441554187,500,contest 1,applied
CHUNK,scoreboard-full-replay,1790441554196,1790441554256,1790441554524,500,contest 1,applied
CHUNK,scoreboard-full-replay,1790441554841,1790441554869,1790441555067,500,contest 1,applied
CHUNK,scoreboard-full-replay,1790441555070,1790441555128,1790441555351,500,contest 1,applied
CHUNK,scoreboard-full-replay,1790441555655,1790441555669,1790441555837,500,contest 1,applied
CHUNK,scoreboard-full-replay,1790441555851,1790441555898,1790441556068,500,contest 1,applied
CHUNK,scoreboard-full-replay,1790441556363,1790441556363,1790441556617,500,contest 1,applied
CHUNK,scoreboard-full-replay,1790441556620,1790441556643,1790441556951,500,contest 1,applied
CHUNK,scoreboard-full-replay,1790441557261,1790441557313,1790441557515,500,contest 1,applied
CHUNK,scoreboard-full-replay,1790441557519,1790441557672,1790441557954,500,contest 1,applied
CHUNK,scoreboard-full-replay,1790441558267,1790441558343,1790441558528,500,contest 1,applied
CHUNK,scoreboard-full-replay,1790441558530,1790441558649,1790441558924,500,contest 1,applied
CHUNK,scoreboard-full-replay,1790441559252,1790441559310,1790441559573,500,contest 1,applied
CHUNK,scoreboard-full-replay,1790441559575,1790441559641,1790441559914,500,contest 1,applied
CHUNK,scoreboard-full-replay,1790441560232,1790441560237,1790441560450,500,contest 1,applied
CHUNK,scoreboard-full-replay,1790441560453,1790441560549,1790441560750,500,contest 1,applied
CHUNK,scoreboard-full-replay,1790441561093,1790441561150,1790441561439,500,contest 1,applied
CHUNK,scoreboard-full-replay,1790441561441,1790441561505,1790441561751,500,contest 1,applied
CHUNK,scoreboard-full-replay,1790441562289,1790441562628,1790441562926,500,contest 1,applied
CHUNK,scoreboard-full-replay,1790441562928,1790441563077,1790441563354,500,contest 1,applied
CHUNK,scoreboard-full-replay,1790441563818,1790441563906,1790441564106,500,contest 1,applied
CHUNK,scoreboard-full-replay,1790441564108,1790441564162,1790441564453,500,contest 1,applied
CHUNK,scoreboard-full-replay,1790441564774,1790441564774,1790441564954,500,contest 1,applied
CHUNK,scoreboard-full-replay,1790441564956,1790441565075,1790441565330,500,contest 1,applied
CHUNK,scoreboard-full-replay,1790441565752,1790441565826,1790441566126,500,contest 1,applied
CHUNK,scoreboard-full-replay,1790441566129,1790441566247,1790441566537,500,contest 1,applied
CHUNK,scoreboard-full-replay,1790441566869,1790441566869,1790441567108,500,contest 1,applied
CHUNK,scoreboard-full-replay,1790441567110,1790441567189,1790441567364,500,contest 1,applied
CHUNK,scoreboard-full-replay,1790441567665,1790441567665,1790441567933,500,contest 1,applied
CHUNK,scoreboard-full-replay,1790441567936,1790441567977,1790441568161,500,contest 1,applied
CHUNK,scoreboard-full-replay,1790441568484,1790441568484,1790441568654,500,contest 1,applied
CHUNK,scoreboard-full-replay,1790441568657,1790441568679,1790441568915,500,contest 1,applied
CHUNK,scoreboard-full-replay,1790441569256,1790441569291,1790441569654,500,contest 1,applied
CHUNK,scoreboard-full-replay,1790441569657,1790441569698,1790441569913,500,contest 1,applied
CHUNK,scoreboard-full-replay,1790441570255,1790441570351,1790441570552,500,contest 1,applied
CHUNK,scoreboard-full-replay,1790441570554,1790441570651,1790441570952,500,contest 1,applied
CHUNK,scoreboard-full-replay,1790441571265,1790441571351,1790441571553,500,contest 1,applied
CHUNK,scoreboard-full-replay,1790441571555,1790441571694,1790441571960,500,contest 1,applied
CHUNK,scoreboard-full-replay,1790441572290,1790441572290,1790441572470,500,contest 1,applied
CHUNK,scoreboard-full-replay,1790441572473,1790441572551,1790441572860,500,contest 1,applied
CHUNK,scoreboard-full-replay,1790441573155,1790441573212,1790441573413,500,contest 1,applied
CHUNK,scoreboard-full-replay,1790441573415,1790441573507,1790441573766,500,contest 1,applied
CHUNK,scoreboard-full-replay,1790441574142,1790441574173,1790441574358,500,contest 1,applied
CHUNK,scoreboard-full-replay,1790441574361,1790441574469,1790441574778,500,contest 1,applied
CHUNK,scoreboard-full-replay,1790441575061,1790441575178,1790441575353,500,contest 1,applied
CHUNK,scoreboard-full-replay,1790441575356,1790441575477,1790441575668,500,contest 1,applied
CHUNK,scoreboard-full-replay,1790441575966,1790441575966,1790441576254,500,contest 1,applied
CHUNK,scoreboard-full-replay,1790441576257,1790441576370,1790441576936,500,contest 1,applied
CHUNK,scoreboard-full-replay,1790441577204,1790441577251,1790441577735,500,contest 1,applied
CHUNK,scoreboard-full-replay,1790441577743,1790441578482,1790441579135,500,contest 1,applied
CHUNK,scoreboard-full-replay,1790441579406,1790441579586,1790441579753,500,contest 1,applied
CHUNK,scoreboard-full-replay,1790441579757,1790441579757,1790441580019,500,contest 1,applied
CHUNK,scoreboard-full-replay,1790441580360,1790441580360,1790441580554,500,contest 1,applied
CHUNK,scoreboard-full-replay,1790441580557,1790441580783,1790441580953,500,contest 1,applied
CHUNK,scoreboard-full-replay,1790441581241,1790441581255,1790441581453,500,contest 1,applied
CHUNK,scoreboard-full-replay,1790441581457,1790441581488,1790441581925,500,contest 1,applied
CHUNK,scoreboard-full-replay,1790441582253,1790441582253,1790441582553,500,contest 1,applied
CHUNK,scoreboard-full-replay,1790441582556,1790441582620,1790441582852,500,contest 1,applied
CHUNK,scoreboard-full-replay,1790441583094,1790441583227,1790441583444,500,contest 1,applied
CHUNK,scoreboard-full-replay,1790441583448,1790441583515,1790441583853,500,contest 1,applied
CHUNK,scoreboard-full-replay,1790441584091,1790441584172,1790441584453,500,contest 1,applied
CHUNK,scoreboard-full-replay,1790441584456,1790441584508,1790441584753,500,contest 1,applied
CHUNK,scoreboard-full-replay,1790441584968,1790441584968,1790441585162,500,contest 1,applied
CHUNK,scoreboard-full-replay,1790441585164,1790441585316,1790441585558,500,contest 1,applied
CHUNK,scoreboard-full-replay,1790441585806,1790441585905,1790441586154,500,contest 1,applied
CHUNK,scoreboard-full-replay,1790441586157,1790441586226,1790441586453,500,contest 1,applied
CHUNK,scoreboard-full-replay,1790441586689,1790441586817,1790441587113,500,contest 1,applied
CHUNK,scoreboard-full-replay,1790441587121,1790441587184,1790441587452,500,contest 1,applied
CHUNK,scoreboard-full-replay,1790441587663,1790441587751,1790441587975,500,contest 1,applied
CHUNK,scoreboard-full-replay,1790441587978,1790441588032,1790441588322,500,contest 1,applied
CHUNK,scoreboard-full-replay,1790441588555,1790441588566,1790441588853,500,contest 1,applied
CHUNK,scoreboard-full-replay,1790441588856,1790441588901,1790441589152,500,contest 1,applied
CHUNK,scoreboard-full-replay,1790441589390,1790441589390,1790441589553,500,contest 1,applied
CHUNK,scoreboard-full-replay,1790441589556,1790441589752,1790441589952,500,contest 1,applied
CHUNK,scoreboard-full-replay,1790441590189,1790441590294,1790441590463,500,contest 1,applied
CHUNK,scoreboard-full-replay,1790441590466,1790441590591,1790441590807,500,contest 1,applied
CHUNK,scoreboard-full-replay,1790441591002,1790441591002,1790441591229,500,contest 1,applied
CHUNK,scoreboard-full-replay,1790441591232,1790441591382,1790441591561,500,contest 1,applied
CHUNK,scoreboard-full-replay,1790441591793,1790441591859,1790441592111,500,contest 1,applied
CHUNK,scoreboard-full-replay,1790441592113,1790441592146,1790441592343,500,contest 1,applied
CHUNK,scoreboard-full-replay,1790441592548,1790441592577,1790441592753,500,contest 1,applied
CHUNK,scoreboard-full-replay,1790441592756,1790441592777,1790441592952,500,contest 1,applied
CHUNK,scoreboard-full-replay,1790441593155,1790441593423,1790441593630,500,contest 1,applied
CHUNK,scoreboard-full-replay,1790441593633,1790441593656,1790441593954,500,contest 1,applied
CHUNK,scoreboard-full-replay,1790441594158,1790441594273,1790441594462,500,contest 1,applied
CHUNK,scoreboard-full-replay,1790441594465,1790441594553,1790441594931,500,contest 1,applied
CHUNK,scoreboard-full-replay,1790441595123,1790441595238,1790441595554,500,contest 1,applied
CHUNK,scoreboard-full-replay,1790441595558,1790441595628,1790441595853,500,contest 1,applied
CHUNK,scoreboard-full-replay,1790441596060,1790441596060,1790441596354,500,contest 1,applied
CHUNK,scoreboard-full-replay,1790441596356,1790441596443,1790441596707,500,contest 1,applied
CHUNK,scoreboard-full-replay,1790441596932,1790441596951,1790441597144,500,contest 1,applied
CHUNK,scoreboard-full-replay,1790441597153,1790441597369,1790441597593,500,contest 1,applied
CHUNK,scoreboard-full-replay,1790441597806,1790441597921,1790441598153,500,contest 1,applied
CHUNK,scoreboard-full-replay,1790441598164,1790441598278,1790441598453,500,contest 1,applied
CHUNK,scoreboard-full-replay,1790441598656,1790441598806,1790441599053,500,contest 1,applied
CHUNK,scoreboard-full-replay,1790441599057,1790441599206,1790441599364,500,contest 1,applied
CHUNK,scoreboard-full-replay,1790441599556,1790441599597,1790441599827,500,contest 1,applied
CHUNK,scoreboard-full-replay,1790441599830,1790441599876,1790441600145,500,contest 1,applied
CHUNK,scoreboard-full-replay,1790441600344,1790441600344,1790441600552,500,contest 1,applied
CHUNK,scoreboard-full-replay,1790441600555,1790441600676,1790441600855,500,contest 1,applied
CHUNK,scoreboard-full-replay,1790441601010,1790441601037,1790441601256,500,contest 1,applied
CHUNK,scoreboard-full-replay,1790441601258,1790441601406,1790441601610,500,contest 1,applied
CHUNK,scoreboard-full-replay,1790441601801,1790441601801,1790441602052,500,contest 1,applied
CHUNK,scoreboard-full-replay,1790441602055,1790441602226,1790441602453,500,contest 1,applied
CHUNK,scoreboard-full-replay,1790441602646,1790441602649,1790441602841,500,contest 1,applied
CHUNK,scoreboard-full-replay,1790441602843,1790441603052,1790441603281,500,contest 1,applied
CHUNK,scoreboard-full-replay,1790441603458,1790441603470,1790441603687,500,contest 1,applied
CHUNK,scoreboard-full-replay,1790441603689,1790441603842,1790441604054,500,contest 1,applied
CHUNK,scoreboard-full-replay,1790441604226,1790441604226,1790441604425,500,contest 1,applied
CHUNK,scoreboard-full-replay,1790441604427,1790441604485,1790441604702,500,contest 1,applied
CHUNK,scoreboard-full-replay,1790441604887,1790441604899,1790441605065,500,contest 1,applied
CHUNK,scoreboard-full-replay,1790441605067,1790441605119,1790441605311,500,contest 1,applied
CHUNK,scoreboard-full-replay,1790441605461,1790441605466,1790441605654,500,contest 1,applied
CHUNK,scoreboard-full-replay,1790441605656,1790441605674,1790441605863,500,contest 1,applied
CHUNK,scoreboard-full-replay,1790441606024,1790441606024,1790441606362,500,contest 1,applied
CHUNK,scoreboard-full-replay,1790441606365,1790441606400,1790441606644,500,contest 1,applied
CHUNK,scoreboard-full-replay,1790441606801,1790441606801,1790441607132,500,contest 1,applied
CHUNK,scoreboard-full-replay,1790441607135,1790441607258,1790441607555,500,contest 1,applied
CHUNK,scoreboard-full-replay,1790441607752,1790441607760,1790441607953,500,contest 1,applied
CHUNK,scoreboard-full-replay,1790441607955,1790441608179,1790441608457,500,contest 1,applied
CHUNK,scoreboard-full-replay,1790441608610,1790441608610,1790441608925,500,contest 1,applied
CHUNK,scoreboard-full-replay,1790441608928,1790441609053,1790441609254,500,contest 1,applied
CHUNK,scoreboard-full-replay,1790441609453,1790441609475,1790441609710,500,contest 1,applied
CHUNK,scoreboard-full-replay,1790441609719,1790441609915,1790441610195,500,contest 1,applied
CHUNK,scoreboard-full-replay,1790441610371,1790441610371,1790441610638,500,contest 1,applied
CHUNK,scoreboard-full-replay,1790441610642,1790441610761,1790441611032,500,contest 1,applied
CHUNK,scoreboard-full-replay,1790441611164,1790441611217,1790441611485,500,contest 1,applied
CHUNK,scoreboard-full-replay,1790441611487,1790441611652,1790441611953,500,contest 1,applied
CHUNK,scoreboard-full-replay,1790441612157,1790441612172,1790441612353,500,contest 1,applied
CHUNK,scoreboard-full-replay,1790441612357,1790441612533,1790441612756,500,contest 1,applied
CHUNK,scoreboard-full-replay,1790441612955,1790441612955,1790441613182,500,contest 1,applied
CHUNK,scoreboard-full-replay,1790441613184,1790441613319,1790441613590,500,contest 1,applied
CHUNK,scoreboard-full-replay,1790441613722,1790441613722,1790441614040,500,contest 1,applied
CHUNK,scoreboard-full-replay,1790441614043,1790441614152,1790441614427,500,contest 1,applied
CHUNK,scoreboard-full-replay,1790441614575,1790441614575,1790441614908,500,contest 1,applied
CHUNK,scoreboard-full-replay,1790441614911,1790441615056,1790441615354,500,contest 1,applied
CHUNK,scoreboard-full-replay,1790441615487,1790441615525,1790441615754,500,contest 1,applied
CHUNK,scoreboard-full-replay,1790441615756,1790441615946,1790441616166,500,contest 1,applied
CHUNK,scoreboard-full-replay,1790441616305,1790441616308,1790441616537,500,contest 1,applied
CHUNK,scoreboard-full-replay,1790441616540,1790441616621,1790441616806,500,contest 1,applied
CHUNK,scoreboard-full-replay,1790441616938,1790441616958,1790441617156,500,contest 1,applied
CHUNK,scoreboard-full-replay,1790441617168,1790441617191,1790441617448,500,contest 1,applied
CHUNK,scoreboard-full-replay,1790441617582,1790441617596,1790441617754,500,contest 1,applied
CHUNK,scoreboard-full-replay,1790441617756,1790441617782,1790441617957,500,contest 1,applied
CHUNK,scoreboard-full-replay,1790441618077,1790441618122,1790441618338,500,contest 1,applied
CHUNK,scoreboard-full-replay,1790441618340,1790441618378,1790441618609,500,contest 1,applied
CHUNK,scoreboard-full-replay,1790441618718,1790441618796,1790441619054,500,contest 1,applied
CHUNK,scoreboard-full-replay,1790441619057,1790441619153,1790441619454,500,contest 1,applied
CHUNK,scoreboard-full-replay,1790441619575,1790441619575,1790441619808,500,contest 1,applied
CHUNK,scoreboard-full-replay,1790441619855,1790441620052,1790441620326,500,contest 1,applied
CHUNK,scoreboard-full-replay,1790441620454,1790441620469,1790441620755,500,contest 1,applied
CHUNK,scoreboard-full-replay,1790441620758,1790441620943,1790441621156,500,contest 1,applied
CHUNK,scoreboard-full-replay,1790441621282,1790441621417,1790441621633,500,contest 1,applied
CHUNK,scoreboard-full-replay,1790441621636,1790441621785,1790441622134,500,contest 1,applied
CHUNK,scoreboard-full-replay,1790441622252,1790441622252,1790441622554,500,contest 1,applied
CHUNK,scoreboard-full-replay,1790441622558,1790441622853,1790441623355,500,contest 1,applied
CHUNK,scoreboard-full-replay,1790441623459,1790441623660,1790441623956,500,contest 1,applied
CHUNK,scoreboard-full-replay,1790441623960,1790441624278,1790441624455,500,contest 1,applied
CHUNK,scoreboard-full-replay,1790441624573,1790441624677,1790441624923,500,contest 1,applied
CHUNK,scoreboard-full-replay,1790441624926,1790441625080,1790441625355,500,contest 1,applied
CHUNK,scoreboard-full-replay,1790441625455,1790441625464,1790441625762,500,contest 1,applied
CHUNK,scoreboard-full-replay,1790441625765,1790441625941,1790441626156,500,contest 1,applied
CHUNK,scoreboard-full-replay,1790441626268,1790441626376,1790441626571,500,contest 1,applied
CHUNK,scoreboard-full-replay,1790441626581,1790441626724,1790441627026,500,contest 1,applied
CHUNK,scoreboard-full-replay,1790441627117,1790441627161,1790441627455,500,contest 1,applied
CHUNK,scoreboard-full-replay,1790441627459,1790441627619,1790441627855,500,contest 1,applied
CHUNK,scoreboard-full-replay,1790441627960,1790441628086,1790441628297,500,contest 1,applied
CHUNK,scoreboard-full-replay,1790441628300,1790441628453,1790441628725,500,contest 1,applied
CHUNK,scoreboard-full-replay,1790441628855,1790441628855,1790441629045,500,contest 1,applied
CHUNK,scoreboard-full-replay,1790441629048,1790441629109,1790441629326,500,contest 1,applied
CHUNK,scoreboard-full-replay,1790441629413,1790441629413,1790441629653,500,contest 1,applied
CHUNK,scoreboard-full-replay,1790441629656,1790441629696,1790441629857,500,contest 1,applied
CHUNK,scoreboard-full-replay,1790441629937,1790441629937,1790441630154,500,contest 1,applied
CHUNK,scoreboard-full-replay,1790441630158,1790441630204,1790441630429,500,contest 1,applied
CHUNK,scoreboard-full-replay,1790441630533,1790441630533,1790441630721,500,contest 1,applied
CHUNK,scoreboard-full-replay,1790441630731,1790441630803,1790441631055,500,contest 1,applied
CHUNK,scoreboard-full-replay,1790441631155,1790441631173,1790441631463,500,contest 1,applied
CHUNK,scoreboard-full-replay,1790441631466,1790441631545,1790441631866,500,contest 1,applied
CHUNK,scoreboard-full-replay,1790441631978,1790441632154,1790441632354,500,contest 1,applied
CHUNK,scoreboard-full-replay,1790441632357,1790441632570,1790441632911,500,contest 1,applied
CHUNK,scoreboard-full-replay,1790441632987,1790441633015,1790441633255,500,contest 1,applied
CHUNK,scoreboard-full-replay,1790441633259,1790441633473,1790441633711,500,contest 1,applied
CHUNK,scoreboard-full-replay,1790441633780,1790441633854,1790441634227,500,contest 1,applied
CHUNK,scoreboard-full-replay,1790441634230,1790441634363,1790441634655,500,contest 1,applied
CHUNK,scoreboard-full-replay,1790441634756,1790441634873,1790441635057,500,contest 1,applied
CHUNK,scoreboard-full-replay,1790441635068,1790441635342,1790441635555,500,contest 1,applied
CHUNK,scoreboard-full-replay,1790441635659,1790441635780,1790441635970,500,contest 1,applied
CHUNK,scoreboard-full-replay,1790441635972,1790441636155,1790441636461,500,contest 1,applied
CHUNK,scoreboard-full-replay,1790441636524,1790441636573,1790441636854,500,contest 1,applied
CHUNK,scoreboard-full-replay,1790441636860,1790441636999,1790441637360,500,contest 1,applied
CHUNK,scoreboard-full-replay,1790441637456,1790441637504,1790441637755,500,contest 1,applied
CHUNK,scoreboard-full-replay,1790441637759,1790441637947,1790441638156,500,contest 1,applied
CHUNK,scoreboard-full-replay,1790441638268,1790441638370,1790441638567,500,contest 1,applied
CHUNK,scoreboard-full-replay,1790441638570,1790441638753,1790441639010,500,contest 1,applied
CHUNK,scoreboard-full-replay,1790441639065,1790441639141,1790441639454,500,contest 1,applied
CHUNK,scoreboard-full-replay,1790441639457,1790441639556,1790441639756,500,contest 1,applied
CHUNK,scoreboard-full-replay,1790441639857,1790441639954,1790441640239,500,contest 1,applied
CHUNK,scoreboard-full-replay,1790441640245,1790441640540,1790441641137,500,contest 1,applied
CHUNK,scoreboard-full-replay,1790441641196,1790441641858,1790441642537,500,contest 1,applied
CHUNK,scoreboard-full-replay,1790441642544,1790441642838,1790441643338,500,contest 1,applied
CHUNK,scoreboard-full-replay,1790441643400,1790441643979,1790441644254,500,contest 1,applied
CHUNK,scoreboard-full-replay,1790441644259,1790441644288,1790441644518,500,contest 1,applied
CHUNK,scoreboard-full-replay,1790441644580,1790441644883,1790441645117,500,contest 1,applied
CHUNK,scoreboard-full-replay,1790441645120,1790441645273,1790441645655,500,contest 1,applied
CHUNK,scoreboard-full-replay,1790441645703,1790441645874,1790441646058,500,contest 1,applied
CHUNK,scoreboard-full-replay,1790441646061,1790441646377,1790441646660,500,contest 1,applied
CHUNK,scoreboard-full-replay,1790441646707,1790441646826,1790441647155,500,contest 1,applied
CHUNK,scoreboard-full-replay,1790441647158,1790441647287,1790441647455,500,contest 1,applied
CHUNK,scoreboard-full-replay,1790441647499,1790441647676,1790441647910,500,contest 1,applied
CHUNK,scoreboard-full-replay,1790441647912,1790441648058,1790441648329,500,contest 1,applied
CHUNK,scoreboard-full-replay,1790441648383,1790441648453,1790441648811,500,contest 1,applied
CHUNK,scoreboard-full-replay,1790441648814,1790441648940,1790441649158,500,contest 1,applied
CHUNK,scoreboard-full-replay,1790441649201,1790441649353,1790441649554,500,contest 1,applied
CHUNK,scoreboard-full-replay,1790441649564,1790441649771,1790441650008,500,contest 1,applied
CHUNK,scoreboard-full-replay,1790441650037,1790441650155,1790441650420,500,contest 1,applied
CHUNK,scoreboard-full-replay,1790441650423,1790441650554,1790441650832,500,contest 1,applied
CHUNK,scoreboard-full-replay,1790441650863,1790441650967,1790441651321,500,contest 1,applied
CHUNK,scoreboard-full-replay,1790441651323,1790441651436,1790441651655,500,contest 1,applied
CHUNK,scoreboard-full-replay,1790441651755,1790441651972,1790441652253,500,contest 1,applied
CHUNK,scoreboard-full-replay,1790441652257,1790441652442,1790441652655,500,contest 1,applied
CHUNK,scoreboard-full-replay,1790441652686,1790441652924,1790441653116,500,contest 1,applied
CHUNK,scoreboard-full-replay,1790441653119,1790441653326,1790441653591,500,contest 1,applied
CHUNK,scoreboard-full-replay,1790441653605,1790441653685,1790441653850,500,contest 1,applied
CHUNK,scoreboard-full-replay,1790441653853,1790441653952,1790441654146,500,contest 1,applied
CHUNK,scoreboard-full-replay,1790441654159,1790441654189,1790441654437,500,contest 1,applied
CHUNK,scoreboard-full-replay,1790441654440,1790441654462,1790441654663,500,contest 1,applied
CHUNK,scoreboard-full-replay,1790441654671,1790441654708,1790441654956,500,contest 1,applied
CHUNK,scoreboard-full-replay,1790441654957,1790441655013,1790441655092,125,contest 1,applied
PASS_END,scoreboard-full-replay,1790441503047,-1,1790441655094,-1,mysql-replay,true
