metric,value
preRollbackOffset,1511677
T_measureFrom,1790441333052
T_snapshot,1790441382742
T_rollback,1790441390652
T_fault,1790441392944
T_measureTo,1790441744960
T_detected,1790441392848
detectedBy,PASS_START on scoreboard-full-replay
T_replay_start,1790441392848
T_replay_end,1790441502902
replayDurationMs,110054
replayThread,scoreboard-full-replay
replayPassKind,mysql-replay
replayOutcome,true
passesAfterRollback,2
passesSkippedAfterRollback,0
gapQuestionsAfterRollback,1
replayChunks,220
replayRows,109732
chunkLockWaitP50Ms,99
chunkLockWaitMaxMs,599
chunkHoldP50Ms,275
chunkHoldMaxMs,1096
T_new_resumed,1790441393271
newResumedAfterFaultMs,327
lostCount,3539
T_tail_returned,1790441401227
tailReturnedAfterFaultMs,8283
baselineBacklog,662
backlogTolerance,470.204
maxBacklogAfterFault,1642
T_max_backlog,1790441397000
T_backlog_drained,1790441406000
backlogDrainedAfterFaultMs,13056
T_recovered,1790441406000
recoveredWithinMeasurement,true
newApplyStallTotalSeconds,2
newApplyStallLongestSeconds,1
T_longest_stall_start,1790441392000
reconsumedAfterFault,0
liveRowsTotal,209641
liveSubmissionsApplied,209640
judgedLiveTotal,209640
judgedLiveNeverApplied,0
before.seconds,49
before.submitOkPerSecond,496.776
before.submitKoPerSecond,0.000
before.judgedPerSecond,470.204
before.appliedPerSecond,469.469
before.reflectLatencySamples,23409
before.reflectLatencyP50Ms,172
before.reflectLatencyP95Ms,834
before.reflectLatencyP99Ms,3365
before.reflectLatencyMaxMs,4091
before.judgedNeverApplied,0
tail.seconds,10
tail.submitOkPerSecond,415.300
tail.submitKoPerSecond,0.000
tail.judgedPerSecond,441.900
tail.appliedPerSecond,353.900
tail.reflectLatencySamples,4006
tail.reflectLatencyP50Ms,2277
tail.reflectLatencyP95Ms,5504
tail.reflectLatencyP99Ms,6021
tail.reflectLatencyMaxMs,6082
tail.judgedNeverApplied,0
during.seconds,14
during.submitOkPerSecond,562.929
during.submitKoPerSecond,0.000
during.judgedPerSecond,446.500
during.appliedPerSecond,468.714
during.reflectLatencySamples,6240
during.reflectLatencyP50Ms,2568
during.reflectLatencyP95Ms,3183
during.reflectLatencyP99Ms,3791
during.reflectLatencyMaxMs,4003
during.judgedNeverApplied,0
after.seconds,338
after.submitOkPerSecond,496.533
after.submitKoPerSecond,0.000
after.judgedPerSecond,475.186
after.appliedPerSecond,477.024
after.reflectLatencySamples,161225
after.reflectLatencyP50Ms,439
after.reflectLatencyP95Ms,1244
after.reflectLatencyP99Ms,2037
after.reflectLatencyMaxMs,3008
after.judgedNeverApplied,0
liveRowsOutsideContest,1
backlogAtFault,1055
duringThroughputRatio,1.050
verdict,C
verdictReasons,backlog grew to 1642 from 1055 at the fault
threshold.stallSeconds,2
threshold.throughputTolerance,0.100
threshold.backlogToleranceSeconds,1.000
threshold.latencyTolerance,0.200
threshold.minDuringSeconds,10
gatling.submitOk,204199
gatling.submitKo,0
gatling.ingressP95Ms,389
traceComplete,true
observedAfterRecoverySeconds,338
observationSufficient,true
trace.droppedLiveBatches,0
trace.droppedLiveEvents,0
trace.droppedRecoveryRecords,0
trace.writeFailures,0
trace.writtenLiveEvents,209641
trace.writtenRecoveryRecords,708
simulationLog,gatling\contestsubmissionsimulation-20260926164826705\simulation.log
run.N,109743
run.N_total,111207
run.acceptPermille,400
run.baselineFlat,True
run.baselineJudgeQueueReady,28->573
run.baselineSeconds,30
run.baselineStreamPending,0->0
run.clockMySqlMinusRedisMs,8
run.clockOffsetUncertaintyMs,99
run.concurrentUsers,2500
run.containerJarSha256,fde95966bf612bb1c2c0a273ef093629b9439379419ca8df85516fd8330a40ba
run.contestId,1
run.contestsWithResultsAtFault,1
run.contestsWithResultsBeforeSeed,0
run.counters.faultToLoadEnd.batch.gcPauseCount,271
run.counters.faultToLoadEnd.batch.gcPauseMaxSeconds,0.06
run.counters.faultToLoadEnd.batch.gcPauseSecondsSum,2.395
run.counters.faultToLoadEnd.mysql.Com_select,433883
run.counters.faultToLoadEnd.mysql.Com_update,806494
run.counters.faultToLoadEnd.mysql.Innodb_rows_read,40961023
run.counters.faultToLoadEnd.redis,unavailable
run.dbName,oj_loadtest
run.dbPendingAfterDrain,0
run.dbPendingAfterRollback,191
run.dbPendingAfterSnapshot,60
run.dbPendingAtLoadEnd,54
run.dbPort,3306
run.drained,True
run.faultAtMs,1790441392944
run.faultPauseMs,3599
run.finalConsistent,True
run.fullReplayRollbackReplay,background
run.gatlingClockOffsetMs,-9
run.gatlingExitCode,0
run.gatlingReportDirectory,contestsubmissionsimulation-20260926164826705
run.gitDirty,True
run.gitHead,683c717a58686b73101d0019396cc09b30751352
run.holdSeconds,405
run.judgedBeforeFaultEstimate,22887
run.judgedRatePerSecondAssumed,457.733
run.judgedRowsExported,286753
run.loadEndMs,1790441744960
run.loadStartMs,1790441303026
run.lostCount,3539
run.measureFromMs,1790441333052
run.measureToMs,1790441744960
run.mode,full-replay
run.oraclePollSeconds,0
run.phase,run
run.pollerStartedAtMs,1790441396210
run.preRollbackOffset,1511677
run.preRollbackProcessed,108677
run.problemCount,10
run.rampSeconds,30
run.recoveryBudgetSeconds,300
run.redisUsedMemoryBeforeSnapshot,137630120
run.replayChunkSize,500 (contest.scoreboard.recovery.full-replay.replay-batch-size default; not overridden)
run.requiredObservationSeconds,60
run.restoredCheckpoint,1508138
run.rollbackAtMs,1790441390652
run.rollbackEvalMs,1961
run.runId,lifullreplay_r1_20260927014450
run.seedCount,77113
run.seedDistribution,"result n -> user (n mod 10000)+1, problem ((n div 10000) mod 10)+1; 400 permille ACCEPTED"
run.snapshotAtMs,1790441382742
run.snapshotCheckpoint,1508138
run.snapshotContestKeys,90616
run.snapshotEvalMs,1219
run.snapshotPauseMs,2884
run.snapshotProcessed,105138
run.stackMySqlSchemaMigratedThisRun,True
run.stackMySqlSchemaTargetVersion,18
run.stackMySqlSchemaVersion,18
run.submitIntervalMillis,5000
run.tailPollIntervalMs,100
run.tailSeconds,5
run.targetN,100000
run.targetRps,500
run.userCount,10000
