atEpochMicros,present,total
1790441396132287,0,3539
1790441396243393,0,3539
1790441396353051,0,3539
1790441396465834,0,3539
1790441396584396,0,3539
1790441396695029,0,3539
1790441396804146,0,3539
1790441396913370,0,3539
1790441397022016,0,3539
1790441397129709,180,3539
1790441397237694,266,3539
1790441397345513,406,3539
1790441397454499,445,3539
1790441397566910,445,3539
1790441397693551,556,3539
1790441397805248,745,3539
1790441397915171,945,3539
1790441398024913,945,3539
1790441398136949,945,3539
1790441398245801,945,3539
1790441398358810,1035,3539
1790441398478607,1219,3539
1790441398592118,1423,3539
1790441398700150,1445,3539
1790441398809690,1445,3539
1790441398919250,1606,3539
1790441399028870,1756,3539
1790441399137524,1881,3539
1790441399247196,1945,3539
1790441399358361,1945,3539
1790441399468215,1945,3539
1790441399577863,1945,3539
1790441399686654,2220,3539
1790441399795241,2445,3539
1790441399903464,2456,3539
1790441400015558,2605,3539
1790441400128374,2772,3539
1790441400237503,2945,3539
1790441400346000,2945,3539
1790441400456661,2945,3539
1790441400569575,2945,3539
1790441400680322,2982,3539
1790441400790501,3167,3539
1790441400900661,3380,3539
1790441401009112,3445,3539
1790441401118527,3445,3539
1790441401227160,3539,3539
1790441401336102,3539,3539
1790441401446837,3539,3539
1790441401562603,3539,3539
1790441401679401,3539,3539
